Canal,Trozo_11
A09,4.171E+12
A10,4.99147E+12
A11,5.26094E+12
A12,5.23537E+12
A13,4.97753E+12
A14,4.11125E+12
B06,3.69057E+12
B07,5.33125E+12
B08,6.53223E+12
B09,7.55421E+12
B10,8.1483E+12
B11,8.3217E+12
B12,8.35056E+12
B13,8.07488E+12
B14,7.53191E+12
B15,6.43662E+12
B16,5.28658E+12
B17,3.63673E+12
C05,4.55397E+12
C06,6.83034E+12
C07,8.46457E+12
C08,9.56757E+12
C09,1.04071E+13
C10,1.0755E+13
C11,1.09731E+13
C12,1.08917E+13
C13,1.079E+13
C14,1.02818E+13
C15,9.55508E+12
C16,8.33267E+12
C17,6.7693E+12
C18,4.45323E+12
D04,4.86482E+12
D05,7.43057E+12
D06,9.38756E+12
D07,1.07749E+13
D08,1.18982E+13
D09,1.24455E+13
D10,1.28526E+13
D11,1.28301E+13
D12,1.29177E+13
D13,1.27173E+13
D14,1.24924E+13
D15,1.17329E+13
D16,1.07579E+13
D17,9.22103E+12
D18,7.35542E+12
D19,4.75141E+12
E03,4.62386E+12
E04,7.39962E+12
E05,9.64208E+12
E06,1.12978E+13
E07,1.2691E+13
E08,1.34669E+13
E09,1.40875E+13
E10,1.41667E+13
E11,1.43136E+13
E12,1.41802E+13
E13,1.42614E+13
E14,1.39206E+13
E15,1.35184E+13
E16,1.24916E+13
E17,1.12616E+13
E18,9.4639E+12
E19,7.33136E+12
E20,4.54034E+12
F03,6.50236E+12
F04,9.2975E+12
F05,1.12386E+13
F06,1.28681E+13
F07,1.38813E+13
F08,1.47134E+13
F09,1.48373E+13
F10,1.52135E+13
F11,1.49599E+13
F12,1.5195E+13
F13,1.49366E+13
F14,1.50665E+13
F15,1.45336E+13
F16,1.38937E+13
F17,1.26461E+13
F18,1.11945E+13
F19,9.14184E+12
F20,6.48308E+12
G02,5.26924E+12
G03,8.40201E+12
G04,1.07152E+13
G05,1.25821E+13
G06,1.3818E+13
G07,1.48812E+13
G08,1.52323E+13
G09,1.57972E+13
G10,1.56349E+13
G11,1.59019E+13
G12,1.56215E+13
G13,1.58657E+13
G14,1.54773E+13
G15,1.53996E+13
G16,1.45274E+13
G17,1.37826E+13
G18,1.237E+13
G19,1.06739E+13
G20,8.26805E+12
G21,5.26509E+12
H02,6.85381E+12
H03,9.69399E+12
H04,1.1953E+13
H05,1.34345E+13
H06,1.46613E+13
H07,1.52439E+13
H08,1.60336E+13
H09,1.60394E+13
H10,1.64211E+13
H11,1.61389E+13
H12,1.64027E+13
H13,1.60871E+13
H14,1.62497E+13
H15,1.56724E+13
H16,1.53979E+13
H17,1.44617E+13
H18,1.34258E+13
H19,1.17527E+13
H20,9.64759E+12
H21,6.69933E+12
J01,4.61923E+12
J02,8.09582E+12
J03,1.08186E+13
J04,1.27558E+13
J05,1.42314E+13
J06,1.49973E+13
J07,1.59541E+13
J08,1.61531E+13
J09,1.66975E+13
J10,1.64713E+13
J11,1.67458E+13
J12,1.64453E+13
J13,1.67082E+13
J14,1.63081E+13
J15,1.63297E+13
J16,1.55724E+13
J17,1.51274E+13
J18,1.40334E+13
J19,1.27222E+13
J20,1.06055E+13
J21,8.04382E+12
J22,4.5005E+12
K01,5.47416E+12
K02,8.97059E+12
K03,1.14707E+13
K04,1.34933E+13
K05,1.45758E+13
K06,1.56811E+13
K07,1.60605E+13
K08,1.67633E+13
K09,1.66532E+13
K10,1.69817E+13
K11,1.66376E+13
K12,1.6894E+13
K13,1.66149E+13
K14,1.68527E+13
K15,1.63219E+13
K16,1.61904E+13
K17,1.53046E+13
K18,1.46605E+13
K19,1.32614E+13
K20,1.14114E+13
K21,8.75755E+12
K22,5.4251E+12
L01,5.90544E+12
L02,9.30997E+12
L03,1.2001E+13
L04,1.38469E+13
L05,1.52327E+13
L06,1.5824E+13
L07,1.66542E+13
L08,1.66959E+13
L09,1.71539E+13
L10,1.68301E+13
L11,1.70391E+13
L12,1.67341E+13
L13,1.70578E+13
L14,1.67224E+13
L15,1.68496E+13
L16,1.61837E+13
L17,1.58788E+13
L18,1.48058E+13
L19,1.37458E+13
L20,1.17336E+13
L21,9.25685E+12
L22,5.76516E+12
M01,5.88064E+12
M02,9.45049E+12
M03,1.19963E+13
M04,1.40775E+13
M05,1.51804E+13
M06,1.62692E+13
M07,1.65368E+13
M08,1.71556E+13
M09,1.69659E+13
M10,1.72472E+13
M11,1.68647E+13
M12,1.71197E+13
M13,1.68634E+13
M14,1.71494E+13
M15,1.66692E+13
M16,1.66248E+13
M17,1.57997E+13
M18,1.51948E+13
M19,1.37785E+13
M20,1.19114E+13
M21,9.2202E+12
M22,5.84091E+12
N01,5.5753E+12
N02,9.0216E+12
N03,1.18083E+13
N04,1.37932E+13
N05,1.53206E+13
N06,1.59836E+13
N07,1.68178E+13
N08,1.68578E+13
N09,1.73145E+13
N10,1.70005E+13
N11,1.72278E+13
N12,1.69148E+13
N13,1.72234E+13
N14,1.68687E+13
N15,1.69838E+13
N16,1.63093E+13
N17,1.59688E+13
N18,1.4823E+13
N19,1.36421E+13
N20,1.15258E+13
N21,8.96754E+12
N22,5.4559E+12
O01,4.64225E+12
O02,8.31966E+12
O03,1.10238E+13
O04,1.33041E+13
O05,1.47555E+13
O06,1.59086E+13
O07,1.63036E+13
O08,1.69961E+13
O09,1.69023E+13
O10,1.72553E+13
O11,1.69329E+13
O12,1.71975E+13
O13,1.68707E+13
O14,1.70708E+13
O15,1.65195E+13
O16,1.63381E+13
O17,1.53946E+13
O18,1.45773E+13
O19,1.29756E+13
O20,1.0928E+13
O21,8.1294E+12
O22,4.62344E+12
P02,6.90932E+12
P03,9.97912E+12
P04,1.22018E+13
P05,1.39907E+13
P06,1.50933E+13
P07,1.60518E+13
P08,1.63241E+13
P09,1.68948E+13
P10,1.67111E+13
P11,1.70147E+13
P12,1.66948E+13
P13,1.6924E+13
P14,1.64733E+13
P15,1.64131E+13
P16,1.55822E+13
P17,1.49529E+13
P18,1.36557E+13
P19,1.20843E+13
P20,9.75275E+12
P21,6.86869E+12
Q02,5.381E+12
Q03,8.43932E+12
Q04,1.08934E+13
Q05,1.26431E+13
Q06,1.41289E+13
Q07,1.49685E+13
Q08,1.59264E+13
Q09,1.60662E+13
Q10,1.65037E+13
Q11,1.62663E+13
Q12,1.65152E+13
Q13,1.61534E+13
Q14,1.62047E+13
Q15,1.55201E+13
Q16,1.50424E+13
Q17,1.38712E+13
Q18,1.25559E+13
Q19,1.06634E+13
Q20,8.35023E+12
Q21,5.2377E+12
R03,6.49463E+12
R04,9.13036E+12
R05,1.11736E+13
R06,1.27028E+13
R07,1.40851E+13
R08,1.48763E+13
R09,1.55236E+13
R10,1.54835E+13
R11,1.57837E+13
R12,1.5514E+13
R13,1.56556E+13
R14,1.514E+13
R15,1.48404E+13
R16,1.38402E+13
R17,1.26641E+13
R18,1.09778E+13
R19,9.06376E+12
R20,6.3506E+12
S03,4.45779E+12
S04,7.16722E+12
S05,9.25847E+12
S06,1.10994E+13
S07,1.24695E+13
S08,1.36376E+13
S09,1.41723E+13
S10,1.45895E+13
S11,1.45506E+13
S12,1.46463E+13
S13,1.44172E+13
S14,1.41934E+13
S15,1.3418E+13
S16,1.24622E+13
S17,1.0937E+13
S18,9.23589E+12
S19,7.0733E+12
S20,4.43204E+12
T04,4.55808E+12
T05,7.08011E+12
T06,8.95331E+12
T07,1.05634E+13
T08,1.16425E+13
T09,1.24873E+13
T10,1.27718E+13
T11,1.29841E+13
T12,1.28762E+13
T13,1.28331E+13
T14,1.23344E+13
T15,1.16642E+13
T16,1.04286E+13
T17,8.96089E+12
T18,7.017E+12
T19,4.57386E+12
U05,4.21536E+12
U06,6.46298E+12
U07,8.02896E+12
U08,9.29065E+12
U09,1.00561E+13
U10,1.05818E+13
U11,1.06798E+13
U12,1.07412E+13
U13,1.04944E+13
U14,1.0098E+13
U15,9.20147E+12
U16,8.04981E+12
U17,6.41868E+12
U18,4.24372E+12
V06,3.39889E+12
V07,4.98383E+12
V08,6.12112E+12
V09,7.19653E+12
V10,7.71087E+12
V11,7.9684E+12
V12,7.92362E+12
V13,7.75147E+12
V14,7.16108E+12
V15,6.15828E+12
V16,4.961E+12
V17,3.40852E+12
W09,3.79209E+12
W10,4.58356E+12
W11,4.79197E+12
W12,4.82015E+12
W13,4.5696E+12
W14,3.84018E+12
