Canal,Trozo_1,Trozo_2,Trozo_3,Trozo_4,Trozo_5,Trozo_6,Trozo_7,Trozo_8,Trozo_9,Trozo_10,Trozo_11,Trozo_12
A09,1.79E+12,4.59E+12,8.45E+12,1.20E+13,1.45E+13,1.57E+13,1.57E+13,1.45E+13,1.21E+13,8.48E+12,4.62E+12,1.81E+12
A10,2.19E+12,5.55E+12,9.85E+12,1.38E+13,1.66E+13,1.81E+13,1.80E+13,1.66E+13,1.38E+13,9.83E+12,5.53E+12,2.18E+12
A11,2.31E+12,5.82E+12,1.01E+13,1.40E+13,1.71E+13,1.86E+13,1.86E+13,1.71E+13,1.40E+13,1.01E+13,5.83E+12,2.31E+12
A12,2.32E+12,5.84E+12,1.01E+13,1.40E+13,1.71E+13,1.86E+13,1.86E+13,1.71E+13,1.39E+13,1.01E+13,5.80E+12,2.31E+12
A13,2.19E+12,5.53E+12,9.82E+12,1.37E+13,1.66E+13,1.80E+13,1.80E+13,1.66E+13,1.37E+13,9.80E+12,5.51E+12,2.18E+12
A14,1.81E+12,4.62E+12,8.46E+12,1.20E+13,1.44E+13,1.56E+13,1.56E+13,1.44E+13,1.20E+13,8.39E+12,4.55E+12,1.78E+12
B06,1.59E+12,4.08E+12,7.76E+12,1.13E+13,1.37E+13,1.48E+13,1.48E+13,1.37E+13,1.13E+13,7.76E+12,4.09E+12,1.60E+12
B07,2.34E+12,5.92E+12,1.05E+13,1.47E+13,1.74E+13,1.88E+13,1.88E+13,1.75E+13,1.47E+13,1.05E+13,5.91E+12,2.33E+12
B08,2.87E+12,7.20E+12,1.24E+13,1.68E+13,1.99E+13,2.14E+13,2.14E+13,1.99E+13,1.68E+13,1.24E+13,7.24E+12,2.88E+12
B09,3.37E+12,8.41E+12,1.41E+13,1.89E+13,2.23E+13,2.40E+13,2.40E+13,2.23E+13,1.89E+13,1.40E+13,8.37E+12,3.36E+12
B10,3.64E+12,9.00E+12,1.47E+13,1.96E+13,2.34E+13,2.54E+13,2.54E+13,2.34E+13,1.96E+13,1.48E+13,9.03E+12,3.65E+12
B11,3.78E+12,9.28E+12,1.48E+13,1.94E+13,2.37E+13,2.59E+13,2.59E+13,2.37E+13,1.93E+13,1.48E+13,9.22E+12,3.76E+12
B12,3.77E+12,9.23E+12,1.48E+13,1.93E+13,2.37E+13,2.59E+13,2.59E+13,2.37E+13,1.93E+13,1.48E+13,9.25E+12,3.76E+12
B13,3.65E+12,9.02E+12,1.47E+13,1.95E+13,2.33E+13,2.53E+13,2.53E+13,2.34E+13,1.95E+13,1.47E+13,8.94E+12,3.62E+12
B14,3.36E+12,8.35E+12,1.40E+13,1.88E+13,2.22E+13,2.39E+13,2.39E+13,2.22E+13,1.88E+13,1.40E+13,8.34E+12,3.35E+12
B15,2.87E+12,7.21E+12,1.23E+13,1.67E+13,1.97E+13,2.12E+13,2.12E+13,1.97E+13,1.67E+13,1.23E+13,7.13E+12,2.84E+12
B16,2.32E+12,5.88E+12,1.05E+13,1.46E+13,1.73E+13,1.86E+13,1.86E+13,1.73E+13,1.45E+13,1.04E+13,5.86E+12,2.31E+12
B17,1.59E+12,4.07E+12,7.71E+12,1.12E+13,1.36E+13,1.47E+13,1.47E+13,1.36E+13,1.12E+13,7.66E+12,4.03E+12,1.57E+12
C05,1.97E+12,5.01E+12,9.03E+12,1.29E+13,1.55E+13,1.68E+13,1.68E+13,1.55E+13,1.29E+13,9.06E+12,5.04E+12,1.99E+12
C06,3.02E+12,7.60E+12,1.30E+13,1.78E+13,2.11E+13,2.27E+13,2.27E+13,2.11E+13,1.78E+13,1.30E+13,7.57E+12,3.02E+12
C07,3.76E+12,9.34E+12,1.56E+13,2.08E+13,2.44E+13,2.62E+13,2.62E+13,2.44E+13,2.08E+13,1.56E+13,9.38E+12,3.77E+12
C08,4.32E+12,1.07E+13,1.75E+13,2.29E+13,2.67E+13,2.86E+13,2.86E+13,2.67E+13,2.29E+13,1.74E+13,1.06E+13,4.29E+12
C09,4.69E+12,1.15E+13,1.85E+13,2.41E+13,2.81E+13,3.02E+13,3.02E+13,2.81E+13,2.41E+13,1.85E+13,1.15E+13,4.70E+12
C10,4.94E+12,1.20E+13,1.88E+13,2.41E+13,2.87E+13,3.11E+13,3.11E+13,2.87E+13,2.41E+13,1.87E+13,1.19E+13,4.90E+12
C11,5.02E+12,1.21E+13,1.83E+13,2.26E+13,2.87E+13,3.15E+13,3.15E+13,2.87E+13,2.26E+13,1.84E+13,1.22E+13,5.03E+12
C12,5.03E+12,1.22E+13,1.84E+13,2.25E+13,2.87E+13,3.15E+13,3.15E+13,2.87E+13,2.25E+13,1.83E+13,1.21E+13,5.00E+12
C13,4.90E+12,1.19E+13,1.87E+13,2.40E+13,2.86E+13,3.10E+13,3.10E+13,2.86E+13,2.40E+13,1.87E+13,1.20E+13,4.91E+12
C14,4.69E+12,1.15E+13,1.84E+13,2.39E+13,2.79E+13,3.00E+13,3.01E+13,2.80E+13,2.39E+13,1.83E+13,1.14E+13,4.65E+12
C15,4.28E+12,1.06E+13,1.73E+13,2.27E+13,2.65E+13,2.84E+13,2.84E+13,2.65E+13,2.27E+13,1.73E+13,1.06E+13,4.28E+12
C16,3.75E+12,9.32E+12,1.55E+13,2.06E+13,2.42E+13,2.59E+13,2.59E+13,2.42E+13,2.06E+13,1.54E+13,9.23E+12,3.71E+12
C17,3.00E+12,7.51E+12,1.29E+13,1.76E+13,2.08E+13,2.24E+13,2.25E+13,2.08E+13,1.76E+13,1.29E+13,7.50E+12,2.98E+12
C18,1.97E+12,5.01E+12,8.98E+12,1.28E+13,1.53E+13,1.66E+13,1.66E+13,1.53E+13,1.28E+13,8.90E+12,4.93E+12,1.94E+12
D04,2.12E+12,5.35E+12,9.52E+12,1.35E+13,1.63E+13,1.76E+13,1.76E+13,1.63E+13,1.35E+13,9.55E+12,5.39E+12,2.13E+12
D05,3.32E+12,8.28E+12,1.39E+13,1.89E+13,2.24E+13,2.41E+13,2.41E+13,2.24E+13,1.89E+13,1.39E+13,8.23E+12,3.31E+12
D06,4.20E+12,1.04E+13,1.70E+13,2.25E+13,2.64E+13,2.83E+13,2.83E+13,2.64E+13,2.25E+13,1.70E+13,1.04E+13,4.21E+12
D07,4.91E+12,1.21E+13,1.94E+13,2.52E+13,2.92E+13,3.12E+13,3.12E+13,2.91E+13,2.51E+13,1.92E+13,1.19E+13,4.87E+12
D08,5.39E+12,1.31E+13,2.09E+13,2.69E+13,3.10E+13,3.31E+13,3.31E+13,3.10E+13,2.69E+13,2.09E+13,1.32E+13,5.39E+12
D09,5.75E+12,1.40E+13,2.18E+13,2.77E+13,3.19E+13,3.41E+13,3.41E+13,3.18E+13,2.76E+13,2.16E+13,1.38E+13,5.69E+12
D10,5.90E+12,1.42E+13,2.16E+13,2.71E+13,3.20E+13,3.46E+13,3.47E+13,3.20E+13,2.71E+13,2.17E+13,1.42E+13,5.91E+12
D11,6.01E+12,1.44E+13,2.09E+13,2.44E+13,3.16E+13,3.48E+13,3.48E+13,3.17E+13,2.43E+13,2.07E+13,1.42E+13,5.97E+12
D12,5.98E+12,1.42E+13,2.07E+13,2.43E+13,3.16E+13,3.47E+13,3.48E+13,3.16E+13,2.43E+13,2.08E+13,1.43E+13,5.99E+12
D13,5.91E+12,1.42E+13,2.16E+13,2.70E+13,3.19E+13,3.45E+13,3.45E+13,3.19E+13,2.70E+13,2.15E+13,1.41E+13,5.87E+12
D14,5.68E+12,1.37E+13,2.15E+13,2.74E+13,3.16E+13,3.39E+13,3.40E+13,3.17E+13,2.75E+13,2.16E+13,1.38E+13,5.70E+12
D15,5.37E+12,1.31E+13,2.08E+13,2.67E+13,3.07E+13,3.28E+13,3.28E+13,3.07E+13,2.67E+13,2.07E+13,1.30E+13,5.33E+12
D16,4.84E+12,1.19E+13,1.91E+13,2.49E+13,2.88E+13,3.09E+13,3.09E+13,2.89E+13,2.49E+13,1.92E+13,1.19E+13,4.85E+12
D17,4.18E+12,1.03E+13,1.68E+13,2.23E+13,2.61E+13,2.80E+13,2.80E+13,2.61E+13,2.22E+13,1.67E+13,1.02E+13,4.14E+12
D18,3.28E+12,8.16E+12,1.37E+13,1.87E+13,2.21E+13,2.38E+13,2.38E+13,2.21E+13,1.87E+13,1.37E+13,8.15E+12,3.26E+12
D19,2.11E+12,5.34E+12,9.44E+12,1.33E+13,1.60E+13,1.73E+13,1.73E+13,1.61E+13,1.33E+13,9.36E+12,5.26E+12,2.08E+12
E03,2.02E+12,5.13E+12,9.25E+12,1.32E+13,1.59E+13,1.72E+13,1.72E+13,1.60E+13,1.32E+13,9.23E+12,5.12E+12,2.02E+12
E04,3.32E+12,8.27E+12,1.39E+13,1.88E+13,2.24E+13,2.42E+13,2.42E+13,2.24E+13,1.87E+13,1.38E+13,8.20E+12,3.29E+12
E05,4.34E+12,1.07E+13,1.72E+13,2.29E+13,2.70E+13,2.90E+13,2.91E+13,2.70E+13,2.28E+13,1.73E+13,1.07E+13,4.34E+12
E06,5.19E+12,1.27E+13,2.00E+13,2.60E+13,3.02E+13,3.24E+13,3.25E+13,3.02E+13,2.59E+13,1.99E+13,1.25E+13,5.13E+12
E07,5.78E+12,1.40E+13,2.20E+13,2.81E+13,3.22E+13,3.44E+13,3.45E+13,3.22E+13,2.81E+13,2.21E+13,1.41E+13,5.78E+12
E08,6.26E+12,1.52E+13,2.35E+13,2.95E+13,3.33E+13,3.55E+13,3.55E+13,3.33E+13,2.94E+13,2.33E+13,1.49E+13,6.17E+12
E09,6.49E+12,1.56E+13,2.39E+13,2.97E+13,3.34E+13,3.57E+13,3.58E+13,3.34E+13,2.97E+13,2.39E+13,1.56E+13,6.48E+12
E10,6.67E+12,1.59E+13,2.37E+13,2.89E+13,3.31E+13,3.57E+13,3.58E+13,3.31E+13,2.88E+13,2.35E+13,1.57E+13,6.59E+12
E11,6.69E+12,1.58E+13,2.25E+13,2.56E+13,3.25E+13,3.56E+13,3.57E+13,3.25E+13,2.56E+13,2.26E+13,1.59E+13,6.69E+12
E12,6.70E+12,1.59E+13,2.26E+13,2.56E+13,3.24E+13,3.56E+13,3.56E+13,3.25E+13,2.56E+13,2.24E+13,1.57E+13,6.65E+12
E13,6.59E+12,1.57E+13,2.34E+13,2.87E+13,3.29E+13,3.56E+13,3.56E+13,3.30E+13,2.87E+13,2.36E+13,1.58E+13,6.62E+12
E14,6.46E+12,1.56E+13,2.38E+13,2.95E+13,3.31E+13,3.54E+13,3.55E+13,3.32E+13,2.95E+13,2.37E+13,1.54E+13,6.42E+12
E15,6.14E+12,1.48E+13,2.31E+13,2.92E+13,3.30E+13,3.51E+13,3.52E+13,3.30E+13,2.92E+13,2.33E+13,1.50E+13,6.19E+12
E16,5.74E+12,1.40E+13,2.19E+13,2.78E+13,3.18E+13,3.40E+13,3.41E+13,3.19E+13,2.78E+13,2.18E+13,1.38E+13,5.70E+12
E17,5.09E+12,1.24E+13,1.97E+13,2.56E+13,2.98E+13,3.20E+13,3.21E+13,2.99E+13,2.56E+13,1.98E+13,1.25E+13,5.11E+12
E18,4.30E+12,1.06E+13,1.71E+13,2.25E+13,2.66E+13,2.86E+13,2.87E+13,2.66E+13,2.25E+13,1.70E+13,1.05E+13,4.27E+12
E19,3.26E+12,8.11E+12,1.36E+13,1.85E+13,2.21E+13,2.38E+13,2.39E+13,2.21E+13,1.85E+13,1.36E+13,8.12E+12,3.26E+12
E20,2.00E+12,5.07E+12,9.12E+12,1.30E+13,1.57E+13,1.69E+13,1.70E+13,1.57E+13,1.30E+13,9.08E+12,5.03E+12,1.98E+12
F03,2.93E+12,7.33E+12,1.24E+13,1.70E+13,2.03E+13,2.18E+13,2.19E+13,2.03E+13,1.69E+13,1.23E+13,7.20E+12,2.88E+12
F04,4.21E+12,1.03E+13,1.67E+13,2.21E+13,2.64E+13,2.84E+13,2.85E+13,2.64E+13,2.20E+13,1.66E+13,1.03E+13,4.18E+12
F05,5.20E+12,1.26E+13,1.97E+13,2.54E+13,3.02E+13,3.26E+13,3.27E+13,3.02E+13,2.53E+13,1.95E+13,1.24E+13,5.13E+12
F06,5.92E+12,1.43E+13,2.19E+13,2.79E+13,3.27E+13,3.52E+13,3.52E+13,3.27E+13,2.78E+13,2.19E+13,1.43E+13,5.90E+12
F07,6.49E+12,1.56E+13,2.39E+13,2.98E+13,3.38E+13,3.61E+13,3.61E+13,3.37E+13,2.97E+13,2.36E+13,1.54E+13,6.40E+12
F08,6.82E+12,1.63E+13,2.49E+13,3.08E+13,3.41E+13,3.62E+13,3.62E+13,3.40E+13,3.07E+13,2.49E+13,1.63E+13,6.78E+12
F09,7.07E+12,1.69E+13,2.54E+13,3.07E+13,3.33E+13,3.55E+13,3.55E+13,3.33E+13,3.04E+13,2.49E+13,1.64E+13,6.89E+12
F10,7.05E+12,1.67E+13,2.47E+13,2.95E+13,3.26E+13,3.50E+13,3.51E+13,3.27E+13,2.96E+13,2.48E+13,1.69E+13,7.10E+12
F11,7.18E+12,1.69E+13,2.40E+13,2.66E+13,3.20E+13,3.48E+13,3.49E+13,3.20E+13,2.65E+13,2.36E+13,1.66E+13,7.06E+12
F12,7.07E+12,1.66E+13,2.36E+13,2.65E+13,3.19E+13,3.47E+13,3.48E+13,3.20E+13,2.66E+13,2.38E+13,1.68E+13,7.14E+12
F13,7.10E+12,1.68E+13,2.48E+13,2.94E+13,3.24E+13,3.48E+13,3.49E+13,3.25E+13,2.93E+13,2.45E+13,1.65E+13,6.99E+12
F14,6.87E+12,1.64E+13,2.48E+13,3.02E+13,3.29E+13,3.51E+13,3.53E+13,3.31E+13,3.04E+13,2.51E+13,1.67E+13,6.99E+12
F15,6.75E+12,1.62E+13,2.47E+13,3.04E+13,3.36E+13,3.58E+13,3.59E+13,3.37E+13,3.04E+13,2.46E+13,1.61E+13,6.72E+12
F16,6.35E+12,1.53E+13,2.34E+13,2.93E+13,3.32E+13,3.56E+13,3.57E+13,3.34E+13,2.94E+13,2.36E+13,1.54E+13,6.39E+12
F17,5.85E+12,1.41E+13,2.17E+13,2.75E+13,3.22E+13,3.46E+13,3.48E+13,3.23E+13,2.75E+13,2.16E+13,1.40E+13,5.81E+12
F18,5.08E+12,1.23E+13,1.92E+13,2.49E+13,2.97E+13,3.21E+13,3.22E+13,2.98E+13,2.50E+13,1.93E+13,1.24E+13,5.10E+12
F19,4.14E+12,1.02E+13,1.64E+13,2.17E+13,2.59E+13,2.80E+13,2.81E+13,2.60E+13,2.17E+13,1.64E+13,1.01E+13,4.12E+12
F20,2.85E+12,7.12E+12,1.21E+13,1.66E+13,1.99E+13,2.15E+13,2.15E+13,2.00E+13,1.67E+13,1.22E+13,7.18E+12,2.88E+12
G02,2.36E+12,5.96E+12,1.05E+13,1.47E+13,1.76E+13,1.89E+13,1.90E+13,1.76E+13,1.46E+13,1.04E+13,5.84E+12,2.30E+12
G03,3.79E+12,9.36E+12,1.54E+13,2.07E+13,2.47E+13,2.66E+13,2.66E+13,2.47E+13,2.06E+13,1.53E+13,9.31E+12,3.76E+12
G04,4.96E+12,1.21E+13,1.89E+13,2.44E+13,2.94E+13,3.18E+13,3.19E+13,2.94E+13,2.43E+13,1.87E+13,1.19E+13,4.88E+12
G05,5.83E+12,1.40E+13,2.08E+13,2.54E+13,3.23E+13,3.52E+13,3.53E+13,3.23E+13,2.53E+13,2.08E+13,1.39E+13,5.79E+12
G06,6.51E+12,1.56E+13,2.29E+13,2.74E+13,3.41E+13,3.69E+13,3.70E+13,3.40E+13,2.72E+13,2.26E+13,1.53E+13,6.42E+12
G07,6.87E+12,1.64E+13,2.47E+13,3.03E+13,3.44E+13,3.68E+13,3.68E+13,3.43E+13,3.02E+13,2.47E+13,1.65E+13,6.90E+12
G08,7.27E+12,1.73E+13,2.60E+13,3.15E+13,3.43E+13,3.63E+13,3.63E+13,3.41E+13,3.11E+13,2.55E+13,1.69E+13,7.08E+12
G09,7.33E+12,1.74E+13,2.60E+13,3.13E+13,3.34E+13,3.54E+13,3.54E+13,3.33E+13,3.12E+13,2.61E+13,1.75E+13,7.36E+12
G10,7.51E+12,1.77E+13,2.61E+13,3.07E+13,3.28E+13,3.49E+13,3.49E+13,3.28E+13,3.05E+13,2.56E+13,1.73E+13,7.34E+12
G11,7.42E+12,1.74E+13,2.54E+13,2.99E+13,3.24E+13,3.47E+13,3.48E+13,3.25E+13,2.99E+13,2.56E+13,1.76E+13,7.48E+12
G12,7.50E+12,1.77E+13,2.56E+13,2.99E+13,3.23E+13,3.46E+13,3.47E+13,3.24E+13,2.98E+13,2.52E+13,1.73E+13,7.37E+12
G13,7.34E+12,1.73E+13,2.56E+13,3.04E+13,3.25E+13,3.47E+13,3.48E+13,3.26E+13,3.05E+13,2.59E+13,1.76E+13,7.43E+12
G14,7.34E+12,1.74E+13,2.60E+13,3.10E+13,3.30E+13,3.50E+13,3.51E+13,3.31E+13,3.09E+13,2.57E+13,1.71E+13,7.23E+12
G15,7.05E+12,1.68E+13,2.53E+13,3.08E+13,3.37E+13,3.58E+13,3.59E+13,3.38E+13,3.10E+13,2.56E+13,1.71E+13,7.15E+12
G16,6.85E+12,1.64E+13,2.45E+13,2.98E+13,3.37E+13,3.62E+13,3.63E+13,3.38E+13,2.98E+13,2.42E+13,1.61E+13,6.75E+12
G17,6.36E+12,1.52E+13,2.24E+13,2.69E+13,3.34E+13,3.63E+13,3.64E+13,3.35E+13,2.69E+13,2.25E+13,1.53E+13,6.38E+12
G18,5.73E+12,1.38E+13,2.05E+13,2.49E+13,3.17E+13,3.46E+13,3.47E+13,3.18E+13,2.50E+13,2.04E+13,1.37E+13,5.71E+12
G19,4.83E+12,1.17E+13,1.84E+13,2.39E+13,2.89E+13,3.13E+13,3.14E+13,2.90E+13,2.40E+13,1.85E+13,1.18E+13,4.85E+12
G20,3.71E+12,9.20E+12,1.51E+13,2.03E+13,2.42E+13,2.61E+13,2.62E+13,2.43E+13,2.03E+13,1.51E+13,9.16E+12,3.71E+12
G21,2.28E+12,5.77E+12,1.02E+13,1.44E+13,1.73E+13,1.86E+13,1.86E+13,1.73E+13,1.44E+13,1.03E+13,5.83E+12,2.31E+12
H02,3.03E+12,7.59E+12,1.30E+13,1.79E+13,2.13E+13,2.29E+13,2.29E+13,2.13E+13,1.78E+13,1.30E+13,7.59E+12,3.02E+12
H03,4.44E+12,1.09E+13,1.77E+13,2.33E+13,2.77E+13,2.98E+13,2.98E+13,2.76E+13,2.32E+13,1.74E+13,1.07E+13,4.36E+12
H04,5.51E+12,1.33E+13,2.05E+13,2.63E+13,3.18E+13,3.44E+13,3.44E+13,3.17E+13,2.61E+13,2.04E+13,1.32E+13,5.46E+12
H05,6.36E+12,1.52E+13,2.20E+13,2.57E+13,3.38E+13,3.71E+13,3.70E+13,3.36E+13,2.55E+13,2.16E+13,1.49E+13,6.24E+12
H06,6.92E+12,1.64E+13,2.35E+13,2.71E+13,3.48E+13,3.79E+13,3.78E+13,3.45E+13,2.68E+13,2.33E+13,1.62E+13,6.83E+12
H07,7.33E+12,1.74E+13,2.57E+13,3.08E+13,3.46E+13,3.69E+13,3.68E+13,3.41E+13,3.03E+13,2.51E+13,1.69E+13,7.12E+12
H08,7.46E+12,1.77E+13,2.64E+13,3.18E+13,3.43E+13,3.61E+13,3.60E+13,3.38E+13,3.15E+13,2.65E+13,1.78E+13,7.47E+12
H09,7.71E+12,1.83E+13,2.71E+13,3.19E+13,3.36E+13,3.54E+13,3.53E+13,3.33E+13,3.15E+13,2.65E+13,1.78E+13,7.51E+12
H10,7.66E+12,1.80E+13,2.66E+13,3.14E+13,3.32E+13,3.52E+13,3.51E+13,3.31E+13,3.13E+13,2.67E+13,1.82E+13,7.71E+12
H11,7.79E+12,1.83E+13,2.66E+13,3.12E+13,3.32E+13,3.53E+13,3.53E+13,3.31E+13,3.10E+13,2.62E+13,1.79E+13,7.62E+12
H12,7.65E+12,1.79E+13,2.62E+13,3.10E+13,3.31E+13,3.52E+13,3.52E+13,3.31E+13,3.10E+13,2.64E+13,1.82E+13,7.73E+12
H13,7.71E+12,1.82E+13,2.67E+13,3.12E+13,3.29E+13,3.49E+13,3.49E+13,3.29E+13,3.10E+13,2.63E+13,1.78E+13,7.57E+12
H14,7.50E+12,1.77E+13,2.64E+13,3.13E+13,3.30E+13,3.49E+13,3.50E+13,3.31E+13,3.14E+13,2.67E+13,1.80E+13,7.60E+12
H15,7.44E+12,1.77E+13,2.62E+13,3.12E+13,3.34E+13,3.55E+13,3.55E+13,3.34E+13,3.11E+13,2.60E+13,1.74E+13,7.33E+12
H16,7.07E+12,1.67E+13,2.48E+13,2.99E+13,3.36E+13,3.62E+13,3.62E+13,3.37E+13,3.00E+13,2.51E+13,1.71E+13,7.19E+12
H17,6.77E+12,1.61E+13,2.31E+13,2.65E+13,3.39E+13,3.71E+13,3.72E+13,3.40E+13,2.65E+13,2.30E+13,1.60E+13,6.77E+12
H18,6.18E+12,1.47E+13,2.14E+13,2.51E+13,3.30E+13,3.63E+13,3.64E+13,3.31E+13,2.51E+13,2.15E+13,1.49E+13,6.22E+12
H19,5.40E+12,1.31E+13,2.01E+13,2.57E+13,3.11E+13,3.38E+13,3.38E+13,3.12E+13,2.57E+13,2.01E+13,1.30E+13,5.39E+12
H20,4.31E+12,1.06E+13,1.72E+13,2.28E+13,2.71E+13,2.92E+13,2.93E+13,2.72E+13,2.28E+13,1.73E+13,1.07E+13,4.34E+12
H21,2.99E+12,7.50E+12,1.28E+13,1.76E+13,2.09E+13,2.25E+13,2.25E+13,2.09E+13,1.75E+13,1.28E+13,7.42E+12,2.96E+12
J01,1.99E+12,5.11E+12,9.53E+12,1.37E+13,1.64E+13,1.77E+13,1.77E+13,1.64E+13,1.37E+13,9.52E+12,5.12E+12,1.99E+12
J02,3.65E+12,9.13E+12,1.54E+13,2.08E+13,2.46E+13,2.64E+13,2.64E+13,2.45E+13,2.07E+13,1.52E+13,8.97E+12,3.58E+12
J03,4.91E+12,1.20E+13,1.94E+13,2.54E+13,3.00E+13,3.23E+13,3.22E+13,2.99E+13,2.53E+13,1.93E+13,1.20E+13,4.87E+12
J04,5.97E+12,1.44E+13,2.21E+13,2.79E+13,3.35E+13,3.62E+13,3.62E+13,3.33E+13,2.77E+13,2.17E+13,1.41E+13,5.85E+12
J05,6.71E+12,1.59E+13,2.30E+13,2.66E+13,3.46E+13,3.80E+13,3.79E+13,3.44E+13,2.63E+13,2.28E+13,1.58E+13,6.60E+12
J06,7.25E+12,1.72E+13,2.44E+13,2.75E+13,3.49E+13,3.79E+13,3.78E+13,3.44E+13,2.70E+13,2.38E+13,1.66E+13,7.03E+12
J07,7.47E+12,1.76E+13,2.60E+13,3.10E+13,3.43E+13,3.65E+13,3.62E+13,3.35E+13,3.05E+13,2.59E+13,1.77E+13,7.46E+12
J08,7.80E+12,1.85E+13,2.73E+13,3.21E+13,3.40E+13,3.56E+13,3.54E+13,3.32E+13,3.14E+13,2.66E+13,1.79E+13,7.57E+12
J09,7.80E+12,1.84E+13,2.72E+13,3.21E+13,3.37E+13,3.54E+13,3.52E+13,3.33E+13,3.18E+13,2.73E+13,1.85E+13,7.82E+12
J10,7.97E+12,1.87E+13,2.73E+13,3.18E+13,3.36E+13,3.55E+13,3.55E+13,3.34E+13,3.14E+13,2.67E+13,1.82E+13,7.77E+12
J11,7.86E+12,1.84E+13,2.65E+13,3.11E+13,3.39E+13,3.60E+13,3.60E+13,3.38E+13,3.10E+13,2.67E+13,1.85E+13,7.91E+12
J12,7.95E+12,1.86E+13,2.68E+13,3.11E+13,3.38E+13,3.59E+13,3.59E+13,3.37E+13,3.09E+13,2.63E+13,1.82E+13,7.80E+12
J13,7.78E+12,1.83E+13,2.67E+13,3.13E+13,3.32E+13,3.52E+13,3.52E+13,3.32E+13,3.13E+13,2.70E+13,1.85E+13,7.87E+12
J14,7.81E+12,1.84E+13,2.71E+13,3.16E+13,3.29E+13,3.48E+13,3.49E+13,3.29E+13,3.14E+13,2.68E+13,1.81E+13,7.67E+12
J15,7.53E+12,1.78E+13,2.64E+13,3.11E+13,3.27E+13,3.48E+13,3.49E+13,3.28E+13,3.12E+13,2.67E+13,1.81E+13,7.64E+12
J16,7.41E+12,1.75E+13,2.57E+13,3.01E+13,3.30E+13,3.56E+13,3.56E+13,3.30E+13,3.00E+13,2.54E+13,1.73E+13,7.31E+12
J17,6.97E+12,1.64E+13,2.35E+13,2.67E+13,3.39E+13,3.71E+13,3.71E+13,3.39E+13,2.68E+13,2.38E+13,1.68E+13,7.08E+12
J18,6.54E+12,1.56E+13,2.25E+13,2.59E+13,3.38E+13,3.71E+13,3.72E+13,3.38E+13,2.59E+13,2.24E+13,1.55E+13,6.55E+12
J19,5.79E+12,1.40E+13,2.14E+13,2.72E+13,3.27E+13,3.55E+13,3.55E+13,3.28E+13,2.73E+13,2.16E+13,1.41E+13,5.83E+12
J20,4.82E+12,1.18E+13,1.90E+13,2.49E+13,2.94E+13,3.16E+13,3.17E+13,2.94E+13,2.48E+13,1.89E+13,1.17E+13,4.79E+12
J21,3.54E+12,8.86E+12,1.50E+13,2.03E+13,2.41E+13,2.59E+13,2.59E+13,2.41E+13,2.04E+13,1.51E+13,8.91E+12,3.56E+12
J22,1.97E+12,5.05E+12,9.39E+12,1.35E+13,1.61E+13,1.73E+13,1.73E+13,1.61E+13,1.34E+13,9.31E+12,4.99E+12,1.94E+12
K01,2.41E+12,6.16E+12,1.12E+13,1.58E+13,1.87E+13,2.01E+13,2.01E+13,1.87E+13,1.57E+13,1.11E+13,6.06E+12,2.37E+12
K02,3.98E+12,9.95E+12,1.67E+13,2.25E+13,2.65E+13,2.83E+13,2.83E+13,2.64E+13,2.24E+13,1.67E+13,9.94E+12,3.97E+12
K03,5.28E+12,1.30E+13,2.08E+13,2.70E+13,3.17E+13,3.39E+13,3.39E+13,3.15E+13,2.68E+13,2.05E+13,1.27E+13,5.18E+12
K04,6.24E+12,1.51E+13,2.32E+13,2.94E+13,3.47E+13,3.74E+13,3.73E+13,3.45E+13,2.92E+13,2.31E+13,1.49E+13,6.17E+12
K05,6.98E+12,1.67E+13,2.42E+13,2.80E+13,3.52E+13,3.83E+13,3.81E+13,3.49E+13,2.76E+13,2.37E+13,1.61E+13,6.78E+12
K06,7.36E+12,1.74E+13,2.51E+13,2.86E+13,3.51E+13,3.79E+13,3.77E+13,3.46E+13,2.82E+13,2.50E+13,1.74E+13,7.32E+12
K07,7.76E+12,1.84E+13,2.70E+13,3.17E+13,3.45E+13,3.64E+13,3.61E+13,3.35E+13,3.09E+13,2.63E+13,1.78E+13,7.53E+12
K08,7.84E+12,1.85E+13,2.75E+13,3.24E+13,3.40E+13,3.55E+13,3.52E+13,3.31E+13,3.18E+13,2.74E+13,1.86E+13,7.85E+12
K09,8.07E+12,1.90E+13,2.79E+13,3.24E+13,3.38E+13,3.55E+13,3.53E+13,3.33E+13,3.18E+13,2.72E+13,1.84E+13,7.84E+12
K10,7.99E+12,1.87E+13,2.70E+13,3.13E+13,3.37E+13,3.58E+13,3.57E+13,3.34E+13,3.12E+13,2.71E+13,1.88E+13,8.02E+12
K11,8.10E+12,1.89E+13,2.62E+13,2.84E+13,3.39E+13,3.65E+13,3.64E+13,3.37E+13,2.81E+13,2.57E+13,1.84E+13,7.93E+12
K12,7.98E+12,1.85E+13,2.58E+13,2.82E+13,3.37E+13,3.64E+13,3.63E+13,3.37E+13,2.82E+13,2.59E+13,1.87E+13,8.03E+12
K13,8.03E+12,1.88E+13,2.71E+13,3.11E+13,3.33E+13,3.54E+13,3.54E+13,3.32E+13,3.09E+13,2.66E+13,1.84E+13,7.87E+12
K14,7.83E+12,1.84E+13,2.71E+13,3.16E+13,3.30E+13,3.49E+13,3.49E+13,3.30E+13,3.17E+13,2.73E+13,1.87E+13,7.92E+12
K15,7.81E+12,1.85E+13,2.72E+13,3.15E+13,3.27E+13,3.47E+13,3.47E+13,3.27E+13,3.14E+13,2.68E+13,1.81E+13,7.67E+12
K16,7.48E+12,1.76E+13,2.60E+13,3.05E+13,3.30E+13,3.54E+13,3.54E+13,3.30E+13,3.06E+13,2.63E+13,1.79E+13,7.58E+12
K17,7.26E+12,1.72E+13,2.47E+13,2.78E+13,3.40E+13,3.70E+13,3.70E+13,3.40E+13,2.77E+13,2.44E+13,1.70E+13,7.18E+12
K18,6.71E+12,1.60E+13,2.33E+13,2.72E+13,3.43E+13,3.74E+13,3.74E+13,3.43E+13,2.73E+13,2.36E+13,1.62E+13,6.81E+12
K19,6.10E+12,1.48E+13,2.27E+13,2.87E+13,3.39E+13,3.66E+13,3.66E+13,3.39E+13,2.87E+13,2.27E+13,1.47E+13,6.09E+12
K20,5.12E+12,1.26E+13,2.02E+13,2.64E+13,3.10E+13,3.32E+13,3.32E+13,3.10E+13,2.64E+13,2.03E+13,1.26E+13,5.15E+12
K21,3.93E+12,9.81E+12,1.65E+13,2.21E+13,2.59E+13,2.78E+13,2.78E+13,2.59E+13,2.20E+13,1.64E+13,9.70E+12,3.88E+12
K22,2.34E+12,5.99E+12,1.09E+13,1.54E+13,1.84E+13,1.97E+13,1.97E+13,1.84E+13,1.54E+13,1.09E+13,6.01E+12,2.35E+12
L01,2.56E+12,6.55E+12,1.18E+13,1.66E+13,1.97E+13,2.11E+13,2.10E+13,1.96E+13,1.65E+13,1.18E+13,6.54E+12,2.56E+12
L02,4.21E+12,1.05E+13,1.76E+13,2.35E+13,2.75E+13,2.94E+13,2.93E+13,2.74E+13,2.33E+13,1.74E+13,1.03E+13,4.13E+12
L03,5.43E+12,1.33E+13,2.15E+13,2.81E+13,3.27E+13,3.49E+13,3.48E+13,3.26E+13,2.79E+13,2.14E+13,1.33E+13,5.40E+12
L04,6.44E+12,1.56E+13,2.44E+13,3.10E+13,3.58E+13,3.82E+13,3.81E+13,3.56E+13,3.07E+13,2.40E+13,1.53E+13,6.33E+12
L05,7.03E+12,1.68E+13,2.57E+13,3.21E+13,3.63E+13,3.88E+13,3.87E+13,3.59E+13,3.18E+13,2.56E+13,1.69E+13,7.02E+12
L06,7.58E+12,1.81E+13,2.70E+13,3.28E+13,3.61E+13,3.83E+13,3.80E+13,3.55E+13,3.21E+13,2.63E+13,1.75E+13,7.37E+12
L07,7.77E+12,1.84E+13,2.75E+13,3.28E+13,3.50E+13,3.67E+13,3.63E+13,3.40E+13,3.22E+13,2.74E+13,1.84E+13,7.77E+12
L08,8.07E+12,1.91E+13,2.83E+13,3.31E+13,3.44E+13,3.58E+13,3.54E+13,3.34E+13,3.22E+13,2.75E+13,1.85E+13,7.83E+12
L09,8.04E+12,1.89E+13,2.78E+13,3.26E+13,3.40E+13,3.57E+13,3.55E+13,3.35E+13,3.22E+13,2.78E+13,1.90E+13,8.06E+12
L10,8.20E+12,1.92E+13,2.74E+13,3.15E+13,3.39E+13,3.61E+13,3.59E+13,3.36E+13,3.10E+13,2.68E+13,1.86E+13,7.98E+12
L11,8.09E+12,1.87E+13,2.57E+13,2.79E+13,3.40E+13,3.68E+13,3.67E+13,3.38E+13,2.77E+13,2.59E+13,1.89E+13,8.11E+12
L12,8.17E+12,1.90E+13,2.60E+13,2.78E+13,3.38E+13,3.66E+13,3.66E+13,3.37E+13,2.76E+13,2.55E+13,1.85E+13,8.01E+12
L13,8.00E+12,1.87E+13,2.68E+13,3.09E+13,3.34E+13,3.57E+13,3.57E+13,3.34E+13,3.09E+13,2.70E+13,1.89E+13,8.08E+12
L14,8.05E+12,1.90E+13,2.77E+13,3.20E+13,3.32E+13,3.51E+13,3.51E+13,3.31E+13,3.17E+13,2.72E+13,1.85E+13,7.89E+12
L15,7.80E+12,1.84E+13,2.73E+13,3.19E+13,3.29E+13,3.49E+13,3.49E+13,3.29E+13,3.19E+13,2.76E+13,1.87E+13,7.89E+12
L16,7.72E+12,1.83E+13,2.71E+13,3.18E+13,3.35E+13,3.56E+13,3.56E+13,3.34E+13,3.16E+13,2.67E+13,1.79E+13,7.58E+12
L17,7.31E+12,1.74E+13,2.60E+13,3.17E+13,3.49E+13,3.73E+13,3.73E+13,3.49E+13,3.17E+13,2.63E+13,1.76E+13,7.39E+12
L18,6.96E+12,1.67E+13,2.53E+13,3.13E+13,3.53E+13,3.79E+13,3.79E+13,3.53E+13,3.12E+13,2.50E+13,1.64E+13,6.85E+12
L19,6.26E+12,1.52E+13,2.37E+13,3.02E+13,3.50E+13,3.74E+13,3.74E+13,3.49E+13,3.02E+13,2.38E+13,1.52E+13,6.27E+12
L20,5.34E+12,1.31E+13,2.11E+13,2.75E+13,3.20E+13,3.42E+13,3.42E+13,3.20E+13,2.74E+13,2.10E+13,1.30E+13,5.29E+12
L21,4.08E+12,1.02E+13,1.71E+13,2.29E+13,2.69E+13,2.88E+13,2.88E+13,2.69E+13,2.30E+13,1.72E+13,1.03E+13,4.10E+12
L22,2.53E+12,6.47E+12,1.16E+13,1.62E+13,1.93E+13,2.07E+13,2.06E+13,1.92E+13,1.62E+13,1.16E+13,6.39E+12,2.50E+12
M01,2.60E+12,6.64E+12,1.20E+13,1.67E+13,1.98E+13,2.12E+13,2.11E+13,1.97E+13,1.66E+13,1.18E+13,6.51E+12,2.54E+12
M02,4.20E+12,1.05E+13,1.77E+13,2.36E+13,2.77E+13,2.95E+13,2.95E+13,2.76E+13,2.35E+13,1.76E+13,1.05E+13,4.18E+12
M03,5.50E+12,1.35E+13,2.19E+13,2.85E+13,3.30E+13,3.52E+13,3.51E+13,3.29E+13,2.83E+13,2.16E+13,1.33E+13,5.40E+12
M04,6.45E+12,1.57E+13,2.47E+13,3.16E+13,3.63E+13,3.86E+13,3.85E+13,3.61E+13,3.14E+13,2.46E+13,1.56E+13,6.40E+12
M05,7.17E+12,1.73E+13,2.67E+13,3.35E+13,3.71E+13,3.94E+13,3.92E+13,3.67E+13,3.30E+13,2.61E+13,1.68E+13,6.99E+12
M06,7.53E+12,1.80E+13,2.74E+13,3.40E+13,3.68E+13,3.89E+13,3.86E+13,3.63E+13,3.36E+13,2.74E+13,1.80E+13,7.53E+12
M07,7.94E+12,1.89E+13,2.83E+13,3.37E+13,3.56E+13,3.72E+13,3.68E+13,3.46E+13,3.28E+13,2.76E+13,1.83E+13,7.71E+12
M08,8.00E+12,1.89E+13,2.83E+13,3.34E+13,3.48E+13,3.62E+13,3.58E+13,3.38E+13,3.28E+13,2.82E+13,1.90E+13,8.01E+12
M09,8.22E+12,1.94E+13,2.84E+13,3.30E+13,3.44E+13,3.61E+13,3.58E+13,3.38E+13,3.24E+13,2.77E+13,1.88E+13,7.98E+12
M10,8.12E+12,1.90E+13,2.73E+13,3.16E+13,3.42E+13,3.64E+13,3.62E+13,3.38E+13,3.14E+13,2.74E+13,1.91E+13,8.15E+12
M11,8.24E+12,1.92E+13,2.63E+13,2.82E+13,3.42E+13,3.70E+13,3.69E+13,3.40E+13,2.79E+13,2.57E+13,1.87E+13,8.06E+12
M12,8.12E+12,1.88E+13,2.59E+13,2.80E+13,3.41E+13,3.69E+13,3.68E+13,3.39E+13,2.79E+13,2.60E+13,1.90E+13,8.15E+12
M13,8.18E+12,1.91E+13,2.74E+13,3.13E+13,3.37E+13,3.60E+13,3.59E+13,3.36E+13,3.11E+13,2.69E+13,1.87E+13,8.00E+12
M14,7.98E+12,1.88E+13,2.76E+13,3.22E+13,3.35E+13,3.54E+13,3.54E+13,3.35E+13,3.22E+13,2.78E+13,1.90E+13,8.06E+12
M15,7.98E+12,1.89E+13,2.80E+13,3.25E+13,3.34E+13,3.53E+13,3.53E+13,3.34E+13,3.23E+13,2.75E+13,1.85E+13,7.81E+12
M16,7.67E+12,1.82E+13,2.73E+13,3.24E+13,3.41E+13,3.62E+13,3.61E+13,3.41E+13,3.25E+13,2.75E+13,1.84E+13,7.74E+12
M17,7.47E+12,1.79E+13,2.71E+13,3.31E+13,3.57E+13,3.79E+13,3.79E+13,3.56E+13,3.29E+13,2.67E+13,1.75E+13,7.34E+12
M18,6.93E+12,1.67E+13,2.58E+13,3.26E+13,3.61E+13,3.85E+13,3.85E+13,3.61E+13,3.26E+13,2.59E+13,1.68E+13,6.99E+12
M19,6.34E+12,1.54E+13,2.43E+13,3.09E+13,3.55E+13,3.78E+13,3.78E+13,3.54E+13,3.08E+13,2.41E+13,1.53E+13,6.28E+12
M20,5.34E+12,1.31E+13,2.13E+13,2.78E+13,3.23E+13,3.45E+13,3.44E+13,3.23E+13,2.78E+13,2.13E+13,1.32E+13,5.35E+12
M21,4.14E+12,1.04E+13,1.74E+13,2.32E+13,2.71E+13,2.90E+13,2.89E+13,2.71E+13,2.31E+13,1.72E+13,1.02E+13,4.09E+12
M22,2.52E+12,6.44E+12,1.17E+13,1.63E+13,1.94E+13,2.07E+13,2.07E+13,1.93E+13,1.63E+13,1.17E+13,6.47E+12,2.53E+12
N01,2.42E+12,6.21E+12,1.13E+13,1.60E+13,1.90E+13,2.04E+13,2.03E+13,1.89E+13,1.59E+13,1.13E+13,6.18E+12,2.41E+12
N02,4.07E+12,1.02E+13,1.72E+13,2.30E+13,2.70E+13,2.88E+13,2.87E+13,2.68E+13,2.28E+13,1.69E+13,9.99E+12,3.99E+12
N03,5.32E+12,1.31E+13,2.13E+13,2.80E+13,3.25E+13,3.47E+13,3.46E+13,3.24E+13,2.78E+13,2.12E+13,1.31E+13,5.30E+12
N04,6.36E+12,1.55E+13,2.45E+13,3.14E+13,3.62E+13,3.85E+13,3.84E+13,3.60E+13,3.12E+13,2.42E+13,1.53E+13,6.27E+12
N05,7.00E+12,1.69E+13,2.63E+13,3.35E+13,3.75E+13,3.98E+13,3.97E+13,3.71E+13,3.33E+13,2.63E+13,1.70E+13,7.03E+12
N06,7.57E+12,1.82E+13,2.77E+13,3.44E+13,3.75E+13,3.96E+13,3.94E+13,3.70E+13,3.38E+13,2.72E+13,1.77E+13,7.40E+12
N07,7.79E+12,1.85E+13,2.81E+13,3.39E+13,3.62E+13,3.79E+13,3.75E+13,3.53E+13,3.33E+13,2.80E+13,1.86E+13,7.81E+12
N08,8.10E+12,1.92E+13,2.87E+13,3.39E+13,3.54E+13,3.68E+13,3.65E+13,3.44E+13,3.31E+13,2.80E+13,1.87E+13,7.88E+12
N09,8.08E+12,1.91E+13,2.83E+13,3.33E+13,3.48E+13,3.65E+13,3.63E+13,3.43E+13,3.29E+13,2.83E+13,1.92E+13,8.11E+12
N10,8.25E+12,1.94E+13,2.80E+13,3.23E+13,3.45E+13,3.66E+13,3.65E+13,3.42E+13,3.18E+13,2.74E+13,1.88E+13,8.03E+12
N11,8.14E+12,1.89E+13,2.65E+13,2.91E+13,3.46E+13,3.72E+13,3.71E+13,3.44E+13,2.89E+13,2.66E+13,1.91E+13,8.17E+12
N12,8.22E+12,1.92E+13,2.67E+13,2.90E+13,3.45E+13,3.71E+13,3.70E+13,3.43E+13,2.88E+13,2.62E+13,1.87E+13,8.05E+12
N13,8.06E+12,1.89E+13,2.74E+13,3.18E+13,3.41E+13,3.63E+13,3.62E+13,3.40E+13,3.18E+13,2.76E+13,1.91E+13,8.12E+12
N14,8.11E+12,1.92E+13,2.82E+13,3.27E+13,3.40E+13,3.59E+13,3.59E+13,3.39E+13,3.25E+13,2.77E+13,1.87E+13,7.93E+12
N15,7.86E+12,1.86E+13,2.78E+13,3.28E+13,3.40E+13,3.59E+13,3.59E+13,3.40E+13,3.28E+13,2.80E+13,1.88E+13,7.92E+12
N16,7.77E+12,1.85E+13,2.78E+13,3.30E+13,3.48E+13,3.69E+13,3.69E+13,3.47E+13,3.27E+13,2.73E+13,1.81E+13,7.59E+12
N17,7.35E+12,1.76E+13,2.69E+13,3.34E+13,3.64E+13,3.87E+13,3.86E+13,3.63E+13,3.34E+13,2.70E+13,1.77E+13,7.38E+12
N18,6.97E+12,1.68E+13,2.60E+13,3.29E+13,3.66E+13,3.90E+13,3.89E+13,3.65E+13,3.26E+13,2.56E+13,1.64E+13,6.81E+12
N19,6.22E+12,1.51E+13,2.39E+13,3.07E+13,3.54E+13,3.77E+13,3.77E+13,3.53E+13,3.06E+13,2.39E+13,1.51E+13,6.19E+12
N20,5.25E+12,1.30E+13,2.10E+13,2.74E+13,3.19E+13,3.40E+13,3.39E+13,3.18E+13,2.73E+13,2.08E+13,1.28E+13,5.18E+12
N21,3.95E+12,9.89E+12,1.67E+13,2.25E+13,2.64E+13,2.82E+13,2.82E+13,2.64E+13,2.25E+13,1.68E+13,9.93E+12,3.96E+12
N22,2.38E+12,6.11E+12,1.11E+13,1.57E+13,1.86E+13,2.00E+13,2.00E+13,1.86E+13,1.56E+13,1.11E+13,6.04E+12,2.36E+12
O01,2.05E+12,5.26E+12,9.79E+12,1.40E+13,1.67E+13,1.80E+13,1.79E+13,1.67E+13,1.39E+13,9.64E+12,5.14E+12,1.99E+12
O02,3.69E+12,9.25E+12,1.58E+13,2.14E+13,2.52E+13,2.70E+13,2.69E+13,2.51E+13,2.12E+13,1.57E+13,9.22E+12,3.67E+12
O03,5.04E+12,1.24E+13,2.02E+13,2.66E+13,3.11E+13,3.32E+13,3.31E+13,3.09E+13,2.63E+13,1.99E+13,1.22E+13,4.95E+12
O04,6.07E+12,1.48E+13,2.34E+13,3.02E+13,3.52E+13,3.77E+13,3.75E+13,3.50E+13,3.00E+13,2.33E+13,1.47E+13,6.04E+12
O05,6.86E+12,1.66E+13,2.56E+13,3.26E+13,3.74E+13,4.00E+13,3.98E+13,3.71E+13,3.23E+13,2.53E+13,1.63E+13,6.79E+12
O06,7.31E+12,1.75E+13,2.67E+13,3.36E+13,3.79E+13,4.02E+13,4.00E+13,3.74E+13,3.33E+13,2.68E+13,1.76E+13,7.35E+12
O07,7.77E+12,1.85E+13,2.80E+13,3.38E+13,3.68E+13,3.87E+13,3.84E+13,3.60E+13,3.32E+13,2.74E+13,1.81E+13,7.57E+12
O08,7.88E+12,1.87E+13,2.82E+13,3.38E+13,3.60E+13,3.76E+13,3.74E+13,3.52E+13,3.34E+13,2.82E+13,1.88E+13,7.90E+12
O09,8.13E+12,1.93E+13,2.86E+13,3.37E+13,3.52E+13,3.70E+13,3.68E+13,3.48E+13,3.31E+13,2.80E+13,1.87E+13,7.91E+12
O10,8.06E+12,1.90E+13,2.80E+13,3.30E+13,3.49E+13,3.68E+13,3.67E+13,3.46E+13,3.28E+13,2.81E+13,1.91E+13,8.09E+12
O11,8.19E+12,1.93E+13,2.80E+13,3.28E+13,3.50E+13,3.71E+13,3.70E+13,3.48E+13,3.24E+13,2.74E+13,1.88E+13,8.00E+12
O12,8.06E+12,1.89E+13,2.76E+13,3.26E+13,3.49E+13,3.70E+13,3.69E+13,3.47E+13,3.25E+13,2.77E+13,1.91E+13,8.10E+12
O13,8.13E+12,1.92E+13,2.81E+13,3.28E+13,3.45E+13,3.65E+13,3.65E+13,3.44E+13,3.25E+13,2.76E+13,1.87E+13,7.94E+12
O14,7.92E+12,1.87E+13,2.79E+13,3.30E+13,3.46E+13,3.65E+13,3.64E+13,3.45E+13,3.30E+13,2.81E+13,1.89E+13,7.97E+12
O15,7.89E+12,1.88E+13,2.81E+13,3.32E+13,3.49E+13,3.69E+13,3.68E+13,3.48E+13,3.29E+13,2.76E+13,1.83E+13,7.71E+12
O16,7.55E+12,1.80E+13,2.72E+13,3.28E+13,3.56E+13,3.79E+13,3.78E+13,3.55E+13,3.28E+13,2.73E+13,1.81E+13,7.58E+12
O17,7.31E+12,1.75E+13,2.65E+13,3.29E+13,3.69E+13,3.94E+13,3.93E+13,3.68E+13,3.26E+13,2.60E+13,1.71E+13,7.13E+12
O18,6.74E+12,1.62E+13,2.50E+13,3.19E+13,3.66E+13,3.92E+13,3.91E+13,3.64E+13,3.17E+13,2.49E+13,1.61E+13,6.68E+12
O19,6.00E+12,1.46E+13,2.30E+13,2.96E+13,3.45E+13,3.69E+13,3.69E+13,3.44E+13,2.94E+13,2.27E+13,1.44E+13,5.90E+12
O20,4.91E+12,1.21E+13,1.97E+13,2.60E+13,3.04E+13,3.26E+13,3.25E+13,3.04E+13,2.59E+13,1.97E+13,1.21E+13,4.90E+12
O21,3.64E+12,9.13E+12,1.55E+13,2.10E+13,2.47E+13,2.64E+13,2.64E+13,2.46E+13,2.08E+13,1.54E+13,9.01E+12,3.59E+12
O22,1.98E+12,5.10E+12,9.53E+12,1.37E+13,1.64E+13,1.76E+13,1.76E+13,1.64E+13,1.37E+13,9.54E+12,5.12E+12,1.99E+12
P02,3.11E+12,7.82E+12,1.34E+13,1.84E+13,2.18E+13,2.34E+13,2.33E+13,2.17E+13,1.82E+13,1.32E+13,7.65E+12,3.04E+12
P03,4.50E+12,1.11E+13,1.81E+13,2.41E+13,2.85E+13,3.06E+13,3.05E+13,2.83E+13,2.39E+13,1.80E+13,1.11E+13,4.47E+12
P04,5.65E+12,1.37E+13,2.15E+13,2.77E+13,3.31E+13,3.57E+13,3.55E+13,3.28E+13,2.74E+13,2.12E+13,1.35E+13,5.56E+12
P05,6.47E+12,1.55E+13,2.33E+13,2.86E+13,3.57E+13,3.88E+13,3.86E+13,3.54E+13,2.84E+13,2.32E+13,1.55E+13,6.44E+12
P06,7.09E+12,1.70E+13,2.52E+13,3.03E+13,3.70E+13,4.00E+13,3.97E+13,3.66E+13,2.99E+13,2.48E+13,1.67E+13,7.01E+12
P07,7.41E+12,1.77E+13,2.67E+13,3.27E+13,3.69E+13,3.93E+13,3.90E+13,3.64E+13,3.25E+13,2.67E+13,1.78E+13,7.44E+12
P08,7.78E+12,1.86E+13,2.79E+13,3.37E+13,3.65E+13,3.84E+13,3.82E+13,3.60E+13,3.32E+13,2.74E+13,1.81E+13,7.59E+12
P09,7.83E+12,1.86E+13,2.80E+13,3.35E+13,3.55E+13,3.74E+13,3.72E+13,3.51E+13,3.33E+13,2.80E+13,1.87E+13,7.86E+12
P10,8.02E+12,1.90E+13,2.82E+13,3.33E+13,3.50E+13,3.70E+13,3.68E+13,3.47E+13,3.29E+13,2.76E+13,1.85E+13,7.83E+12
P11,7.93E+12,1.87E+13,2.78E+13,3.33E+13,3.48E+13,3.69E+13,3.67E+13,3.46E+13,3.32E+13,2.79E+13,1.88E+13,7.97E+12
P12,8.03E+12,1.90E+13,2.80E+13,3.33E+13,3.48E+13,3.68E+13,3.66E+13,3.46E+13,3.30E+13,2.75E+13,1.85E+13,7.84E+12
P13,7.86E+12,1.86E+13,2.77E+13,3.29E+13,3.47E+13,3.67E+13,3.66E+13,3.46E+13,3.28E+13,2.78E+13,1.87E+13,7.91E+12
P14,7.88E+12,1.87E+13,2.80E+13,3.32E+13,3.50E+13,3.70E+13,3.69E+13,3.48E+13,3.29E+13,2.75E+13,1.82E+13,7.69E+12
P15,7.59E+12,1.81E+13,2.73E+13,3.30E+13,3.57E+13,3.78E+13,3.77E+13,3.56E+13,3.29E+13,2.74E+13,1.82E+13,7.62E+12
P16,7.43E+12,1.77E+13,2.65E+13,3.22E+13,3.61E+13,3.86E+13,3.85E+13,3.59E+13,3.19E+13,2.61E+13,1.73E+13,7.24E+12
P17,6.98E+12,1.66E+13,2.47E+13,2.97E+13,3.63E+13,3.92E+13,3.91E+13,3.61E+13,2.95E+13,2.46E+13,1.66E+13,6.92E+12
P18,6.41E+12,1.54E+13,2.30E+13,2.81E+13,3.50E+13,3.81E+13,3.80E+13,3.49E+13,2.79E+13,2.27E+13,1.51E+13,6.30E+12
P19,5.53E+12,1.34E+13,2.10E+13,2.72E+13,3.25E+13,3.50E+13,3.49E+13,3.23E+13,2.70E+13,2.10E+13,1.34E+13,5.50E+12
P20,4.45E+12,1.10E+13,1.79E+13,2.36E+13,2.80E+13,3.01E+13,3.00E+13,2.79E+13,2.35E+13,1.77E+13,1.08E+13,4.38E+12
P21,3.02E+12,7.60E+12,1.31E+13,1.80E+13,2.14E+13,2.30E+13,2.29E+13,2.13E+13,1.79E+13,1.31E+13,7.61E+12,3.02E+12
Q02,2.36E+12,5.97E+12,1.06E+13,1.48E+13,1.79E+13,1.92E+13,1.91E+13,1.77E+13,1.47E+13,1.05E+13,5.96E+12,2.36E+12
Q03,3.85E+12,9.51E+12,1.56E+13,2.09E+13,2.51E+13,2.71E+13,2.69E+13,2.49E+13,2.07E+13,1.54E+13,9.35E+12,3.78E+12
Q04,5.00E+12,1.21E+13,1.89E+13,2.45E+13,3.00E+13,3.26E+13,3.24E+13,2.97E+13,2.43E+13,1.88E+13,1.21E+13,4.96E+12
Q05,5.94E+12,1.43E+13,2.09E+13,2.48E+13,3.31E+13,3.63E+13,3.61E+13,3.28E+13,2.45E+13,2.05E+13,1.40E+13,5.85E+12
Q06,6.61E+12,1.57E+13,2.29E+13,2.70E+13,3.52E+13,3.84E+13,3.82E+13,3.48E+13,2.67E+13,2.28E+13,1.57E+13,6.55E+12
Q07,7.13E+12,1.70E+13,2.55E+13,3.13E+13,3.60E+13,3.87E+13,3.85E+13,3.56E+13,3.09E+13,2.50E+13,1.66E+13,6.94E+12
Q08,7.35E+12,1.75E+13,2.66E+13,3.28E+13,3.62E+13,3.85E+13,3.82E+13,3.59E+13,3.25E+13,2.67E+13,1.76E+13,7.38E+12
Q09,7.65E+12,1.83E+13,2.75E+13,3.31E+13,3.56E+13,3.77E+13,3.74E+13,3.52E+13,3.27E+13,2.70E+13,1.78E+13,7.47E+12
Q10,7.65E+12,1.81E+13,2.72E+13,3.28E+13,3.51E+13,3.72E+13,3.70E+13,3.49E+13,3.26E+13,2.73E+13,1.83E+13,7.69E+12
Q11,7.80E+12,1.85E+13,2.75E+13,3.30E+13,3.49E+13,3.70E+13,3.69E+13,3.47E+13,3.27E+13,2.70E+13,1.80E+13,7.62E+12
Q12,7.68E+12,1.81E+13,2.71E+13,3.28E+13,3.48E+13,3.70E+13,3.68E+13,3.46E+13,3.28E+13,2.72E+13,1.83E+13,7.71E+12
Q13,7.72E+12,1.84E+13,2.74E+13,3.27E+13,3.49E+13,3.70E+13,3.69E+13,3.47E+13,3.24E+13,2.69E+13,1.79E+13,7.54E+12
Q14,7.49E+12,1.78E+13,2.69E+13,3.27E+13,3.52E+13,3.73E+13,3.71E+13,3.50E+13,3.26E+13,2.70E+13,1.80E+13,7.52E+12
Q15,7.38E+12,1.76E+13,2.66E+13,3.24E+13,3.57E+13,3.80E+13,3.78E+13,3.55E+13,3.21E+13,2.61E+13,1.72E+13,7.20E+12
Q16,6.94E+12,1.66E+13,2.49E+13,3.07E+13,3.54E+13,3.81E+13,3.80E+13,3.52E+13,3.06E+13,2.50E+13,1.67E+13,6.97E+12
Q17,6.53E+12,1.56E+13,2.26E+13,2.66E+13,3.46E+13,3.78E+13,3.76E+13,3.44E+13,2.64E+13,2.24E+13,1.54E+13,6.45E+12
Q18,5.84E+12,1.40E+13,2.04E+13,2.43E+13,3.25E+13,3.57E+13,3.56E+13,3.23E+13,2.42E+13,2.04E+13,1.39E+13,5.79E+12
Q19,4.94E+12,1.20E+13,1.87E+13,2.41E+13,2.95E+13,3.20E+13,3.19E+13,2.93E+13,2.39E+13,1.84E+13,1.18E+13,4.87E+12
Q20,3.77E+12,9.31E+12,1.53E+13,2.05E+13,2.46E+13,2.66E+13,2.65E+13,2.45E+13,2.04E+13,1.52E+13,9.25E+12,3.74E+12
Q21,2.35E+12,5.93E+12,1.04E+13,1.46E+13,1.76E+13,1.89E+13,1.88E+13,1.74E+13,1.45E+13,1.03E+13,5.80E+12,2.29E+12
R03,2.92E+12,7.25E+12,1.21E+13,1.66E+13,2.02E+13,2.19E+13,2.17E+13,2.00E+13,1.64E+13,1.20E+13,7.19E+12,2.90E+12
R04,4.24E+12,1.03E+13,1.62E+13,2.11E+13,2.61E+13,2.86E+13,2.84E+13,2.59E+13,2.08E+13,1.59E+13,1.01E+13,4.15E+12
R05,5.21E+12,1.25E+13,1.83E+13,2.19E+13,2.98E+13,3.29E+13,3.28E+13,2.95E+13,2.16E+13,1.81E+13,1.24E+13,5.14E+12
R06,6.00E+12,1.44E+13,2.09E+13,2.48E+13,3.27E+13,3.59E+13,3.57E+13,3.24E+13,2.45E+13,2.06E+13,1.41E+13,5.89E+12
R07,6.54E+12,1.57E+13,2.37E+13,2.97E+13,3.48E+13,3.75E+13,3.73E+13,3.44E+13,2.94E+13,2.36E+13,1.56E+13,6.50E+12
R08,6.97E+12,1.68E+13,2.56E+13,3.18E+13,3.58E+13,3.82E+13,3.80E+13,3.55E+13,3.15E+13,2.52E+13,1.65E+13,6.87E+12
R09,7.13E+12,1.70E+13,2.60E+13,3.22E+13,3.57E+13,3.80E+13,3.78E+13,3.54E+13,3.21E+13,2.61E+13,1.72E+13,7.18E+12
R10,7.37E+12,1.76E+13,2.64E+13,3.21E+13,3.55E+13,3.78E+13,3.77E+13,3.52E+13,3.17E+13,2.59E+13,1.72E+13,7.20E+12
R11,7.32E+12,1.74E+13,2.58E+13,3.15E+13,3.52E+13,3.77E+13,3.76E+13,3.50E+13,3.14E+13,2.59E+13,1.75E+13,7.35E+12
R12,7.41E+12,1.76E+13,2.61E+13,3.15E+13,3.52E+13,3.77E+13,3.75E+13,3.49E+13,3.13E+13,2.56E+13,1.72E+13,7.25E+12
R13,7.24E+12,1.72E+13,2.60E+13,3.18E+13,3.53E+13,3.76E+13,3.75E+13,3.51E+13,3.17E+13,2.61E+13,1.73E+13,7.27E+12
R14,7.20E+12,1.72E+13,2.61E+13,3.21E+13,3.54E+13,3.77E+13,3.75E+13,3.52E+13,3.17E+13,2.56E+13,1.68E+13,7.01E+12
R15,6.89E+12,1.65E+13,2.52E+13,3.14E+13,3.54E+13,3.78E+13,3.76E+13,3.52E+13,3.12E+13,2.51E+13,1.64E+13,6.84E+12
R16,6.50E+12,1.56E+13,2.35E+13,2.93E+13,3.43E+13,3.70E+13,3.69E+13,3.41E+13,2.91E+13,2.32E+13,1.53E+13,6.40E+12
R17,5.89E+12,1.41E+13,2.05E+13,2.44E+13,3.23E+13,3.54E+13,3.53E+13,3.20E+13,2.42E+13,2.04E+13,1.40E+13,5.86E+12
R18,5.14E+12,1.24E+13,1.81E+13,2.16E+13,2.94E+13,3.25E+13,3.23E+13,2.91E+13,2.13E+13,1.78E+13,1.22E+13,5.07E+12
R19,4.15E+12,1.01E+13,1.58E+13,2.07E+13,2.57E+13,2.81E+13,2.80E+13,2.55E+13,2.05E+13,1.57E+13,1.00E+13,4.12E+12
R20,2.90E+12,7.19E+12,1.20E+13,1.63E+13,1.99E+13,2.15E+13,2.14E+13,1.97E+13,1.61E+13,1.18E+13,7.03E+12,2.84E+12
S03,2.02E+12,5.07E+12,8.91E+12,1.26E+13,1.55E+13,1.68E+13,1.67E+13,1.53E+13,1.23E+13,8.66E+12,4.94E+12,1.97E+12
S04,3.29E+12,8.08E+12,1.30E+13,1.74E+13,2.16E+13,2.36E+13,2.35E+13,2.13E+13,1.70E+13,1.28E+13,7.94E+12,3.23E+12
S05,4.34E+12,1.05E+13,1.58E+13,1.92E+13,2.59E+13,2.86E+13,2.84E+13,2.56E+13,1.88E+13,1.54E+13,1.03E+13,4.24E+12
S06,5.16E+12,1.24E+13,1.85E+13,2.25E+13,2.95E+13,3.24E+13,3.22E+13,2.93E+13,2.22E+13,1.84E+13,1.23E+13,5.09E+12
S07,5.84E+12,1.41E+13,2.17E+13,2.75E+13,3.25E+13,3.51E+13,3.49E+13,3.23E+13,2.72E+13,2.13E+13,1.38E+13,5.73E+12
S08,6.28E+12,1.51E+13,2.35E+13,2.99E+13,3.44E+13,3.68E+13,3.67E+13,3.42E+13,2.97E+13,2.34E+13,1.51E+13,6.25E+12
S09,6.63E+12,1.60E+13,2.46E+13,3.09E+13,3.53E+13,3.77E+13,3.75E+13,3.51E+13,3.06E+13,2.42E+13,1.57E+13,6.53E+12
S10,6.77E+12,1.62E+13,2.44E+13,3.04E+13,3.54E+13,3.81E+13,3.79E+13,3.52E+13,3.03E+13,2.44E+13,1.62E+13,6.74E+12
S11,6.88E+12,1.64E+13,2.37E+13,2.76E+13,3.50E+13,3.81E+13,3.80E+13,3.49E+13,2.74E+13,2.34E+13,1.61E+13,6.79E+12
S12,6.84E+12,1.62E+13,2.36E+13,2.75E+13,3.50E+13,3.81E+13,3.80E+13,3.48E+13,2.74E+13,2.35E+13,1.62E+13,6.81E+12
S13,6.78E+12,1.62E+13,2.45E+13,3.03E+13,3.53E+13,3.79E+13,3.78E+13,3.51E+13,3.01E+13,2.42E+13,1.60E+13,6.68E+12
S14,6.55E+12,1.58E+13,2.43E+13,3.06E+13,3.50E+13,3.74E+13,3.73E+13,3.49E+13,3.05E+13,2.42E+13,1.57E+13,6.52E+12
S15,6.27E+12,1.51E+13,2.34E+13,2.97E+13,3.41E+13,3.65E+13,3.64E+13,3.39E+13,2.94E+13,2.31E+13,1.49E+13,6.16E+12
S16,5.74E+12,1.38E+13,2.13E+13,2.71E+13,3.22E+13,3.47E+13,3.46E+13,3.20E+13,2.70E+13,2.12E+13,1.38E+13,5.71E+12
S17,5.10E+12,1.23E+13,1.84E+13,2.22E+13,2.91E+13,3.20E+13,3.19E+13,2.89E+13,2.20E+13,1.81E+13,1.21E+13,5.04E+12
S18,4.26E+12,1.03E+13,1.55E+13,1.89E+13,2.55E+13,2.82E+13,2.81E+13,2.53E+13,1.86E+13,1.53E+13,1.02E+13,4.22E+12
S19,3.24E+12,7.97E+12,1.28E+13,1.71E+13,2.13E+13,2.33E+13,2.32E+13,2.11E+13,1.68E+13,1.26E+13,7.84E+12,3.20E+12
S20,1.98E+12,4.96E+12,8.73E+12,1.24E+13,1.52E+13,1.66E+13,1.65E+13,1.51E+13,1.22E+13,8.58E+12,4.91E+12,1.96E+12
T04,2.11E+12,5.24E+12,8.92E+12,1.24E+13,1.52E+13,1.66E+13,1.65E+13,1.50E+13,1.18E+13,8.53E+12,5.05E+12,2.03E+12
T05,3.26E+12,8.01E+12,1.29E+13,1.71E+13,2.11E+13,2.30E+13,2.29E+13,2.08E+13,1.66E+13,1.26E+13,7.84E+12,3.19E+12
T06,4.17E+12,1.02E+13,1.61E+13,2.08E+13,2.53E+13,2.74E+13,2.73E+13,2.50E+13,2.05E+13,1.57E+13,9.92E+12,4.07E+12
T07,4.85E+12,1.18E+13,1.87E+13,2.43E+13,2.86E+13,3.08E+13,3.07E+13,2.84E+13,2.40E+13,1.85E+13,1.17E+13,4.80E+12
T08,5.40E+12,1.32E+13,2.07E+13,2.67E+13,3.10E+13,3.31E+13,3.30E+13,3.08E+13,2.64E+13,2.04E+13,1.29E+13,5.31E+12
T09,5.73E+12,1.39E+13,2.17E+13,2.78E+13,3.23E+13,3.46E+13,3.46E+13,3.21E+13,2.76E+13,2.16E+13,1.38E+13,5.70E+12
T10,5.98E+12,1.44E+13,2.19E+13,2.75E+13,3.28E+13,3.54E+13,3.54E+13,3.26E+13,2.73E+13,2.16E+13,1.41E+13,5.89E+12
T11,6.05E+12,1.44E+13,2.09E+13,2.46E+13,3.25E+13,3.57E+13,3.56E+13,3.24E+13,2.45E+13,2.09E+13,1.44E+13,6.02E+12
T12,6.06E+12,1.45E+13,2.10E+13,2.46E+13,3.25E+13,3.57E+13,3.56E+13,3.23E+13,2.45E+13,2.08E+13,1.43E+13,5.99E+12
T13,5.93E+12,1.42E+13,2.17E+13,2.74E+13,3.26E+13,3.53E+13,3.52E+13,3.25E+13,2.73E+13,2.16E+13,1.42E+13,5.90E+12
T14,5.73E+12,1.39E+13,2.16E+13,2.76E+13,3.21E+13,3.44E+13,3.44E+13,3.20E+13,2.75E+13,2.14E+13,1.37E+13,5.65E+12
T15,5.33E+12,1.29E+13,2.04E+13,2.64E+13,3.07E+13,3.29E+13,3.28E+13,3.06E+13,2.63E+13,2.04E+13,1.29E+13,5.31E+12
T16,4.81E+12,1.17E+13,1.86E+13,2.40E+13,2.83E+13,3.05E+13,3.04E+13,2.82E+13,2.38E+13,1.83E+13,1.16E+13,4.75E+12
T17,4.09E+12,9.96E+12,1.58E+13,2.05E+13,2.50E+13,2.71E+13,2.70E+13,2.48E+13,2.03E+13,1.57E+13,9.93E+12,4.06E+12
T18,3.21E+12,7.90E+12,1.27E+13,1.68E+13,2.08E+13,2.27E+13,2.26E+13,2.06E+13,1.65E+13,1.24E+13,7.77E+12,3.17E+12
T19,2.05E+12,5.10E+12,8.72E+12,1.22E+13,1.50E+13,1.64E+13,1.63E+13,1.48E+13,1.17E+13,8.51E+12,5.07E+12,2.04E+12
U05,1.94E+12,4.85E+12,8.36E+12,1.16E+13,1.40E+13,1.51E+13,1.51E+13,1.38E+13,1.11E+13,8.01E+12,4.67E+12,1.87E+12
U06,2.95E+12,7.29E+12,1.21E+13,1.63E+13,1.95E+13,2.09E+13,2.09E+13,1.93E+13,1.60E+13,1.19E+13,7.16E+12,2.89E+12
U07,3.69E+12,9.10E+12,1.48E+13,1.96E+13,2.30E+13,2.47E+13,2.46E+13,2.28E+13,1.93E+13,1.45E+13,8.89E+12,3.61E+12
U08,4.23E+12,1.04E+13,1.67E+13,2.19E+13,2.56E+13,2.74E+13,2.73E+13,2.54E+13,2.17E+13,1.66E+13,1.03E+13,4.19E+12
U09,4.65E+12,1.13E+13,1.80E+13,2.33E+13,2.72E+13,2.93E+13,2.92E+13,2.71E+13,2.31E+13,1.77E+13,1.11E+13,4.57E+12
U10,4.87E+12,1.18E+13,1.82E+13,2.34E+13,2.80E+13,3.03E+13,3.03E+13,2.79E+13,2.32E+13,1.82E+13,1.17E+13,4.84E+12
U11,5.00E+12,1.20E+13,1.78E+13,2.12E+13,2.80E+13,3.07E+13,3.07E+13,2.79E+13,2.11E+13,1.75E+13,1.18E+13,4.93E+12
U12,4.97E+12,1.19E+13,1.77E+13,2.12E+13,2.79E+13,3.07E+13,3.07E+13,2.79E+13,2.11E+13,1.76E+13,1.19E+13,4.94E+12
U13,4.87E+12,1.18E+13,1.82E+13,2.33E+13,2.79E+13,3.02E+13,3.02E+13,2.78E+13,2.32E+13,1.80E+13,1.16E+13,4.81E+12
U14,4.59E+12,1.12E+13,1.78E+13,2.31E+13,2.71E+13,2.91E+13,2.91E+13,2.70E+13,2.30E+13,1.78E+13,1.12E+13,4.58E+12
U15,4.21E+12,1.03E+13,1.66E+13,2.17E+13,2.54E+13,2.72E+13,2.72E+13,2.53E+13,2.16E+13,1.65E+13,1.02E+13,4.16E+12
U16,3.63E+12,8.94E+12,1.46E+13,1.94E+13,2.28E+13,2.45E+13,2.44E+13,2.27E+13,1.92E+13,1.45E+13,8.92E+12,3.62E+12
U17,2.91E+12,7.21E+12,1.20E+13,1.61E+13,1.92E+13,2.07E+13,2.07E+13,1.91E+13,1.59E+13,1.18E+13,7.11E+12,2.88E+12
U18,1.89E+12,4.72E+12,8.18E+12,1.14E+13,1.39E+13,1.50E+13,1.49E+13,1.37E+13,1.11E+13,8.01E+12,4.70E+12,1.89E+12
V06,1.54E+12,3.87E+12,6.93E+12,9.86E+12,1.17E+13,1.25E+13,1.25E+13,1.16E+13,9.67E+12,6.75E+12,3.77E+12,1.50E+12
V07,2.26E+12,5.61E+12,9.55E+12,1.31E+13,1.55E+13,1.66E+13,1.65E+13,1.54E+13,1.30E+13,9.41E+12,5.52E+12,2.22E+12
V08,2.80E+12,6.94E+12,1.15E+13,1.54E+13,1.79E+13,1.92E+13,1.92E+13,1.78E+13,1.52E+13,1.13E+13,6.78E+12,2.74E+12
V09,3.27E+12,8.05E+12,1.31E+13,1.73E+13,2.03E+13,2.18E+13,2.17E+13,2.02E+13,1.72E+13,1.30E+13,7.97E+12,3.23E+12
V10,3.56E+12,8.69E+12,1.38E+13,1.80E+13,2.14E+13,2.31E+13,2.31E+13,2.13E+13,1.79E+13,1.37E+13,8.54E+12,3.50E+12
V11,3.66E+12,8.86E+12,1.38E+13,1.77E+13,2.16E+13,2.36E+13,2.35E+13,2.16E+13,1.76E+13,1.37E+13,8.83E+12,3.63E+12
V12,3.66E+12,8.89E+12,1.38E+13,1.77E+13,2.16E+13,2.35E+13,2.35E+13,2.16E+13,1.76E+13,1.37E+13,8.78E+12,3.62E+12
V13,3.52E+12,8.59E+12,1.37E+13,1.79E+13,2.13E+13,2.30E+13,2.30E+13,2.12E+13,1.79E+13,1.37E+13,8.59E+12,3.51E+12
V14,3.25E+12,8.01E+12,1.31E+13,1.72E+13,2.01E+13,2.16E+13,2.16E+13,2.01E+13,1.71E+13,1.30E+13,7.93E+12,3.23E+12
V15,2.75E+12,6.81E+12,1.14E+13,1.52E+13,1.78E+13,1.91E+13,1.91E+13,1.77E+13,1.52E+13,1.13E+13,6.82E+12,2.75E+12
V16,2.23E+12,5.55E+12,9.45E+12,1.30E+13,1.53E+13,1.64E+13,1.64E+13,1.53E+13,1.29E+13,9.36E+12,5.50E+12,2.21E+12
V17,1.51E+12,3.80E+12,6.81E+12,9.73E+12,1.16E+13,1.24E+13,1.24E+13,1.15E+13,9.62E+12,6.74E+12,3.78E+12,1.51E+12
W09,1.73E+12,4.31E+12,7.48E+12,1.01E+13,1.17E+13,1.26E+13,1.25E+13,1.16E+13,9.99E+12,7.34E+12,4.20E+12,1.68E+12
W10,2.07E+12,5.12E+12,8.59E+12,1.16E+13,1.36E+13,1.46E+13,1.46E+13,1.35E+13,1.15E+13,8.53E+12,5.08E+12,2.05E+12
W11,2.20E+12,5.39E+12,8.81E+12,1.18E+13,1.39E+13,1.50E+13,1.50E+13,1.39E+13,1.17E+13,8.71E+12,5.31E+12,2.16E+12
W12,2.18E+12,5.35E+12,8.76E+12,1.18E+13,1.39E+13,1.50E+13,1.50E+13,1.39E+13,1.17E+13,8.74E+12,5.34E+12,2.17E+12
W13,2.07E+12,5.11E+12,8.57E+12,1.16E+13,1.35E+13,1.46E+13,1.46E+13,1.35E+13,1.15E+13,8.50E+12,5.06E+12,2.05E+12
W14,1.69E+12,4.23E+12,7.37E+12,1.00E+13,1.16E+13,1.25E+13,1.25E+13,1.16E+13,1.00E+13,7.39E+12,4.25E+12,1.70E+12
